<?xml version="1.0" encoding="UTF-8"?>
<project-private xmlns="http://www.netbeans.org/ns/project-private/1">
    <editor-bookmarks xmlns="http://www.netbeans.org/ns/editor-bookmarks/2" lastBookmarkId="0"/>
    <open-files xmlns="http://www.netbeans.org/ns/projectui-open-files/2">
        <group>
            <file>file:/C:/xampp/htdocs/SALONEVENTOS/Clientes.php</file>
            <file>file:/C:/xampp/htdocs/SALONEVENTOS/css_sub_menu_1.css</file>
            <file>file:/C:/xampp/htdocs/SALONEVENTOS/control.php</file>
            <file>file:/C:/xampp/htdocs/SALONEVENTOS/F_insertar_cliente.php</file>
            <file>file:/C:/xampp/htdocs/SALONEVENTOS/principal.php</file>
            <file>file:/C:/xampp/htdocs/SALONEVENTOS/css1.css</file>
            <file>file:/C:/xampp/htdocs/SALONEVENTOS/ingresar_cliente.php</file>
        </group>
    </open-files>
</project-private>
