<?xml version="1.0" encoding="UTF-8"?>
<project-private xmlns="http://www.netbeans.org/ns/project-private/1">
    <editor-bookmarks xmlns="http://www.netbeans.org/ns/editor-bookmarks/2" lastBookmarkId="0"/>
    <open-files xmlns="http://www.netbeans.org/ns/projectui-open-files/2">
        <group>
            <file>file:/C:/Users/ARY/Downloads/CONEXION/CONEXION/F_eliminar_cliente.php</file>
            <file>file:/C:/Users/ARY/Downloads/CONEXION/CONEXION/formulariom.css</file>
            <file>file:/C:/Users/ARY/Downloads/CONEXION/CONEXION/formulario.css</file>
            <file>file:/C:/Users/ARY/Downloads/CONEXION/CONEXION/F_modificar_calendario.php</file>
            <file>file:/C:/Users/ARY/Downloads/CONEXION/CONEXION/F_eliminar_calendario.php</file>
        </group>
    </open-files>
</project-private>
