<?xml version="1.0" encoding="UTF-8"?>
<project-private xmlns="http://www.netbeans.org/ns/project-private/1">
    <editor-bookmarks xmlns="http://www.netbeans.org/ns/editor-bookmarks/2" lastBookmarkId="0"/>
    <open-files xmlns="http://www.netbeans.org/ns/projectui-open-files/2">
        <group>
            <file>file:/C:/xampp/htdocs/PROYECTObd/ejecutar_consulta_s.php</file>
            <file>file:/C:/xampp/htdocs/PROYECTObd/principal.php</file>
            <file>file:/C:/xampp/htdocs/PROYECTObd/F_Consulta_S.php</file>
            <file>file:/C:/xampp/htdocs/PROYECTObd/F_Consulta1.php</file>
            <file>file:/C:/xampp/htdocs/PROYECTObd/control.php</file>
        </group>
    </open-files>
</project-private>
